pdf_name,path,content,author,subject,candidate_name,phone_number,email_id
C1061.pdf,CVDemo\C1061.pdf,"Candidate Resume (ID: C1061)
Name: Alyssa Chavez
Email: alyssachavez88@gmail.com
Phone: +1-465-3587
Education
Diploma in Software Engineering (2013-2015)
Hands-on experience in full-stack web development and mobile app creation.
Work Experience
Data Scientist at ABC Inc. (2019-2023)
Built predictive models that enhanced decision-making processes, reducing operational costs by
25%.
Skills
Cybersecurity - Skilled in penetration testing, risk assessment, and securing enterprise networks
against cyber threats.
Certifications
AWS Certified Solutions Architect - Validated expertise in designing and deploying scalable AWS
solutions, optimizing performance and security.
Achievements
Published a research paper on AI ethics - Contributed to an AI ethics framework adopted by industry
leaders, shaping responsible AI development.
Tech Stack
Java, Spring Boot, MySQL, Kafka, Azure DevOps",,,Alyssa Chavez,+1-465-3587,alyssachavez88@gmail.com
C1070.pdf,CVDemo\C1070.pdf,"Candidate Resume (ID: C1070)
Name: Scott Saunders
Email: scottsaunders13@gmail.com
Phone: +1-367-5130
Education
Bachelor of Engineering in Information Technology (2014-2018)
Concentrated on database management, networking, and cybersecurity.
Master of Business Administration (2017-2019)
Focused on Business Strategy, Financial Analysis, and Operations Management.
Ph.D. in Artificial Intelligence (2016-2021)
Research in NLP and Computer Vision, with publications in top-tier conferences.
Work Experience
Software Engineer at XYZ Corp (2018-2022)
Developed scalable backend applications, improved system efficiency by 30%, and led agile
development sprints.
Skills
Python & Machine Learning - Proficient in TensorFlow, PyTorch, and Scikit-learn with hands-on
experience in deploying AI solutions.
Certifications
AWS Certified Solutions Architect - Validated expertise in designing and deploying scalable AWS
solutions, optimizing performance and security.
Achievements Developed an AI chatbot - Built a chatbot that reduced customer support tickets by 40%, enhancing
user experience and efficiency.
Tech Stack
Python, TensorFlow, PyTorch, PostgreSQL, Docker, Kubernetes",,,Scott Saunders,+1-367-5130,scottsaunders13@gmail.com
C1080.pdf,CVDemo\C1080.pdf,"Candidate Resume (ID: C1080)
Name: Pamela Kerr
Email: pamelakerr20@gmail.com
Phone: +1-453-5337
Education
Ph.D. in Artificial Intelligence (2016-2021)
Research in NLP and Computer Vision, with publications in top-tier conferences.
Diploma in Software Engineering (2013-2015)
Hands-on experience in full-stack web development and mobile app creation.
Work Experience
Software Engineer at XYZ Corp (2018-2022)
Developed scalable backend applications, improved system efficiency by 30%, and led agile
development sprints.
Skills
Cybersecurity - Skilled in penetration testing, risk assessment, and securing enterprise networks
against cyber threats.
Certifications
Certified Ethical Hacker (CEH) - Demonstrated proficiency in ethical hacking, network security, and
vulnerability assessment.
Achievements
Developed an AI chatbot - Built a chatbot that reduced customer support tickets by 40%, enhancing
user experience and efficiency. Tech Stack
Python, TensorFlow, PyTorch, PostgreSQL, Docker, Kubernetes",,,Pamela Kerr,+1-453-5337,pamelakerr20@gmail.com
C1161.pdf,CVDemo\C1161.pdf,"Candidate Resume (ID: C1161)
Name: Richard Molina
Email: richardmolina72@gmail.com
Phone: +1-908-7110
Education
Bachelor of Engineering in Information Technology (2014-2018)
Concentrated on database management, networking, and cybersecurity.
Master of Business Administration (2017-2019)
Focused on Business Strategy, Financial Analysis, and Operations Management.
Bachelor of Science in Computer Science (2015-2019)
Specialized in Software Development and AI, with projects in deep learning and cloud computing.
Work Experience
Product Manager at DEF Ltd. (2017-2021)
Led cross-functional teams to develop innovative solutions, increasing product adoption by 40%.
Software Engineer at XYZ Corp (2018-2022)
Developed scalable backend applications, improved system efficiency by 30%, and led agile
development sprints.
Skills
Python & Machine Learning - Proficient in TensorFlow, PyTorch, and Scikit-learn with hands-on
experience in deploying AI solutions.
Certifications
AWS Certified Solutions Architect - Validated expertise in designing and deploying scalable AWS solutions, optimizing performance and security.
Achievements
Developed an AI chatbot - Built a chatbot that reduced customer support tickets by 40%, enhancing
user experience and efficiency.
Tech Stack
Java, Spring Boot, MySQL, Kafka, Azure DevOps",,,Richard Molina,+1-908-7110,richardmolina72@gmail.com
C1164.pdf,CVDemo\C1164.pdf,"Candidate Resume (ID: C1164)
Name: Deborah Foster
Email: deborahfoster16@gmail.com
Phone: +1-767-2089
Education
Bachelor of Engineering in Information Technology (2014-2018)
Concentrated on database management, networking, and cybersecurity.
Work Experience
Software Engineer at XYZ Corp (2018-2022)
Developed scalable backend applications, improved system efficiency by 30%, and led agile
development sprints.
Data Scientist at ABC Inc. (2019-2023)
Built predictive models that enhanced decision-making processes, reducing operational costs by
25%.
Skills
Cybersecurity - Skilled in penetration testing, risk assessment, and securing enterprise networks
against cyber threats.
Certifications
AWS Certified Solutions Architect - Validated expertise in designing and deploying scalable AWS
solutions, optimizing performance and security.
Achievements
Developed an AI chatbot - Built a chatbot that reduced customer support tickets by 40%, enhancing
user experience and efficiency. Tech Stack
Python, TensorFlow, PyTorch, PostgreSQL, Docker, Kubernetes",,,Deborah Foster,+1-767-2089,deborahfoster16@gmail.com
